epoch,time,train/box_loss,train/pose_loss,train/kobj_loss,train/cls_loss,train/l1_loss,train/rle_loss,metrics/precision(B),metrics/recall(B),metrics/mAP50(B),metrics/mAP50-95(B),metrics/precision(P),metrics/recall(P),metrics/mAP50(P),metrics/mAP50-95(P),val/box_loss,val/pose_loss,val/kobj_loss,val/cls_loss,val/l1_loss,val/rle_loss,lr/pg0,lr/pg1,lr/pg2
1,1006.6,1.24981,2.70942,0.42532,1.09792,0.01663,10.3626,0.89385,0.80737,0.90401,0.68777,0.81566,0.72683,0.7676,0.70433,0.94916,1.85595,0.05098,0.83033,0.01836,0,0.00333288,0.00333288,0.0700041
2,2287.59,1.11423,2.00125,0.37815,0.90832,0.01466,8.0721,0.94782,0.88047,0.95249,0.8045,0.90266,0.82626,0.86916,0.83262,0.69996,1.13475,0.04432,0.44974,0.01314,0,0.00660022,0.00660022,0.0399381
3,3252.8,1.02693,1.76504,0.36798,0.81781,0.01338,6.94708,0.95913,0.898,0.96299,0.83518,0.91669,0.8539,0.8938,0.86085,0.62765,0.98158,0.04151,0.3876,0.0117,0,0.00980156,0.00980156,0.00980607
4,5003.66,0.96361,1.58835,0.36081,0.75554,0.01248,6.08102,0.95815,0.90966,0.96702,0.85221,0.92615,0.86683,0.90731,0.87982,0.58513,0.86852,0.03808,0.35641,0.01083,0,0.009703,0.009703,0.009703
5,6528.45,0.9253,1.48468,0.35352,0.71345,0.01192,5.52497,0.96415,0.91327,0.97028,0.86251,0.93083,0.87376,0.91545,0.88928,0.56264,0.82833,0.03853,0.33176,0.0104,0,0.009604,0.009604,0.009604
6,7156.88,0.8935,1.40059,0.34697,0.68175,0.01149,5.0744,0.9659,0.91587,0.97154,0.86855,0.93497,0.8768,0.92067,0.89532,0.54648,0.79553,0.04044,0.31912,0.01009,0,0.009505,0.009505,0.009505
7,7784.72,0.87442,1.35001,0.33886,0.65933,0.01121,4.74542,0.96888,0.91343,0.97135,0.87225,0.93641,0.87972,0.92259,0.89776,0.5367,0.77489,0.0402,0.32002,0.0099,0,0.009406,0.009406,0.009406
8,8409.32,0.84985,1.28204,0.33171,0.63549,0.01086,4.32117,0.96797,0.91159,0.97022,0.87299,0.93776,0.87878,0.92308,0.89856,0.53285,0.75625,0.04043,0.32874,0.00982,0,0.009307,0.009307,0.009307
9,9035.13,0.83991,1.26885,0.32833,0.62894,0.01073,4.25186,0.96284,0.90798,0.96595,0.87017,0.93511,0.87441,0.92117,0.8966,0.53502,0.75221,0.04072,0.348,0.00986,0,0.009208,0.009208,0.009208
10,9660.04,0.81779,1.20845,0.32208,0.60908,0.01045,3.9068,0.95905,0.89745,0.96151,0.86568,0.93511,0.86498,0.91568,0.89205,0.54038,0.75233,0.04059,0.38774,0.00999,0,0.009109,0.009109,0.009109
11,10284.1,0.81208,1.19213,0.31966,0.60087,0.01036,3.79605,0.94857,0.88609,0.95203,0.8577,0.92588,0.85463,0.90894,0.88468,0.54759,0.75941,0.04057,0.45076,0.01013,0,0.00901,0.00901,0.00901
12,10908.8,0.79914,1.16466,0.31625,0.58919,0.01018,3.58252,0.94325,0.86988,0.94448,0.84693,0.91964,0.84047,0.89796,0.87471,0.55827,0.77469,0.04141,0.54139,0.01035,0,0.008911,0.008911,0.008911
13,11532.6,0.78933,1.14097,0.3121,0.58186,0.01003,3.38609,0.94037,0.85367,0.93063,0.83481,0.91734,0.8263,0.88799,0.86542,0.5711,0.77909,0.04351,0.62672,0.01059,0,0.008812,0.008812,0.008812
14,12155.9,0.7812,1.1211,0.30955,0.57487,0.00992,3.22769,0.94107,0.84231,0.9278,0.82815,0.91857,0.81702,0.88178,0.86122,0.57753,0.7748,0.04562,0.68545,0.01071,0,0.008713,0.008713,0.008713
15,12779.8,0.77332,1.1008,0.30727,0.56708,0.0098,3.07865,0.94315,0.84111,0.92795,0.82667,0.9211,0.81654,0.88256,0.86357,0.58468,0.77003,0.04578,0.69857,0.01082,0,0.008614,0.008614,0.008614
16,13404.5,0.7633,1.07428,0.30324,0.55874,0.0097,2.92123,0.94342,0.84504,0.92994,0.8267,0.92058,0.82096,0.88495,0.86644,0.58839,0.74844,0.04483,0.68929,0.01087,0,0.008515,0.008515,0.008515
17,14028.6,0.76118,1.08637,0.30239,0.55707,0.00965,2.87167,0.94113,0.85423,0.92749,0.826,0.91898,0.83067,0.88866,0.87029,0.59185,0.72957,0.04361,0.69094,0.01094,0,0.008416,0.008416,0.008416
18,14653.1,0.75587,1.06086,0.29997,0.55605,0.00958,2.73946,0.942,0.86585,0.93682,0.83557,0.92155,0.84166,0.89875,0.87895,0.57771,0.71032,0.04156,0.64109,0.01064,0,0.008317,0.008317,0.008317
19,15277.5,0.74409,1.03515,0.29597,0.5432,0.00941,2.58497,0.94326,0.87956,0.94633,0.84767,0.92313,0.85477,0.90864,0.88769,0.55976,0.69132,0.03887,0.56641,0.01027,0,0.008218,0.008218,0.008218
20,16484.6,0.69765,0.87709,0.29323,0.52268,0.0088,2.16313,0.94274,0.87988,0.94634,0.84787,0.92307,0.85478,0.90856,0.88772,0.55897,0.69091,0.03896,0.56648,0.01026,0,0.008119,0.008119,0.008119
21,17111.8,0.75683,1.06382,0.30406,0.5521,0.00959,2.85798,0.95044,0.90444,0.9598,0.87008,0.9314,0.87789,0.92305,0.90415,0.52411,0.64626,0.03686,0.42131,0.00958,0,0.00802,0.00802,0.00802
22,18341.4,0.69149,0.86965,0.29273,0.51835,0.00873,2.03163,0.95131,0.90296,0.95969,0.87018,0.9316,0.87703,0.92293,0.90403,0.52508,0.64784,0.0368,0.42307,0.0096,0,0.007921,0.007921,0.007921
23,18969.9,0.75108,1.04602,0.3024,0.54869,0.00952,2.76026,0.96042,0.91394,0.96858,0.88324,0.94263,0.88627,0.93249,0.913,0.49958,0.61977,0.03507,0.35134,0.00912,0,0.007822,0.007822,0.007822
24,19598.7,0.74797,1.03994,0.30123,0.54542,0.00948,2.67504,0.96801,0.92035,0.97185,0.89213,0.95011,0.894,0.93689,0.91962,0.47869,0.59399,0.03366,0.31033,0.00872,0,0.007723,0.007723,0.007723
25,20226.4,0.7458,1.03995,0.29909,0.54389,0.00944,2.64655,0.96974,0.92499,0.97365,0.89746,0.95062,0.90044,0.93902,0.92279,0.46581,0.57528,0.03267,0.28819,0.00847,0,0.007624,0.007624,0.007624
26,20855.1,0.7383,1.02386,0.29661,0.53826,0.00936,2.50688,0.97043,0.92815,0.97762,0.90036,0.95277,0.90338,0.94313,0.92561,0.45598,0.56189,0.03187,0.27726,0.0083,0,0.007525,0.007525,0.007525
27,21488.2,0.73179,1.01417,0.29325,0.53622,0.00923,2.44413,0.9638,0.89152,0.96186,0.88719,0.94895,0.86945,0.9275,0.9116,0.44903,0.56303,0.0307,0.49945,0.00816,0,0.007426,0.007426,0.007426
28,22658.2,0.67094,0.83751,0.2868,0.49921,0.00849,1.5464,0.96366,0.89156,0.96174,0.88714,0.949,0.86963,0.92752,0.91152,0.449,0.56361,0.03077,0.50139,0.00816,0,0.007327,0.007327,0.007327
29,23287.7,0.73371,1.0091,0.298,0.53533,0.0093,2.52557,0.97539,0.92238,0.97449,0.89973,0.95961,0.89801,0.94132,0.9252,0.44353,0.55155,0.03016,0.29766,0.00806,0,0.007228,0.007228,0.007228
30,23916.7,0.73242,1.00908,0.29575,0.53312,0.00929,2.45463,0.97157,0.93387,0.97863,0.90498,0.9565,0.90703,0.94483,0.92941,0.43758,0.54156,0.02931,0.26149,0.00795,0,0.007129,0.007129,0.007129
31,25065,0.66659,0.83884,0.28484,0.49638,0.00843,1.47195,0.9735,0.93264,0.9786,0.90495,0.95704,0.90675,0.9448,0.92942,0.4378,0.54151,0.02935,0.2615,0.00796,0,0.00703,0.00703,0.00703
32,25693.4,0.7238,0.98158,0.29511,0.52751,0.00917,2.31055,0.97456,0.93357,0.97984,0.90654,0.95591,0.91029,0.94696,0.93145,0.4347,0.53862,0.02913,0.25309,0.0079,0,0.006931,0.006931,0.006931
33,26908.3,0.66334,0.83569,0.28368,0.49482,0.00837,1.4173,0.97212,0.93497,0.97984,0.90652,0.95334,0.9123,0.94687,0.93122,0.43536,0.53917,0.02905,0.25309,0.00791,0,0.006832,0.006832,0.006832
34,27535.1,0.72344,0.98111,0.29462,0.52473,0.00913,2.3195,0.97353,0.93465,0.98008,0.90752,0.95678,0.91121,0.94804,0.93228,0.43154,0.53111,0.02868,0.24886,0.00785,0,0.006733,0.006733,0.006733
35,28743.8,0.6611,0.82476,0.28336,0.49255,0.00837,1.36422,0.97287,0.9352,0.97999,0.9075,0.95581,0.9118,0.94805,0.93225,0.43111,0.53076,0.02891,0.24883,0.00784,0,0.006634,0.006634,0.006634
36,29371.5,0.71945,0.97691,0.29473,0.52259,0.00908,2.24498,0.97247,0.93635,0.98048,0.909,0.95736,0.91164,0.9483,0.93313,0.42878,0.52514,0.0288,0.24577,0.0078,0,0.006535,0.006535,0.006535
37,30566.8,0.6597,0.82607,0.28264,0.49216,0.00831,1.32829,0.97231,0.93652,0.98046,0.90902,0.95551,0.91281,0.94835,0.93317,0.42904,0.52568,0.02886,0.24583,0.0078,0,0.006436,0.006436,0.006436
38,31194.7,0.71625,0.95793,0.29237,0.52004,0.00906,2.17235,0.97264,0.93663,0.98066,0.9094,0.95757,0.91125,0.94881,0.93344,0.42665,0.52276,0.02862,0.24594,0.00775,0,0.006337,0.006337,0.006337
39,32422.9,0.65613,0.8221,0.28308,0.49001,0.0083,1.28767,0.97231,0.93649,0.98065,0.9093,0.95751,0.91097,0.94881,0.93344,0.42708,0.52275,0.02872,0.24487,0.00776,0,0.006238,0.006238,0.006238
40,33051.3,0.71095,0.95017,0.29213,0.51838,0.009,2.09197,0.97413,0.93649,0.98087,0.90967,0.95815,0.91281,0.94935,0.9341,0.42534,0.51932,0.02855,0.24357,0.00773,0,0.006139,0.006139,0.006139
41,34247.1,0.65534,0.82019,0.28234,0.48975,0.00826,1.2552,0.97421,0.93634,0.98084,0.90962,0.95814,0.91267,0.94917,0.93405,0.42525,0.52078,0.02864,0.24284,0.00773,0,0.00604,0.00604,0.00604
42,34874.2,0.71116,0.95172,0.29163,0.51646,0.00897,2.11616,0.97416,0.93623,0.98091,0.91035,0.95608,0.91534,0.94963,0.93478,0.42344,0.51865,0.02869,0.24341,0.00769,0,0.005941,0.005941,0.005941
43,36103.6,0.65323,0.81386,0.28179,0.48665,0.00827,1.21393,0.97434,0.93612,0.98092,0.91049,0.95668,0.91428,0.94962,0.93477,0.42342,0.51941,0.02875,0.24357,0.00769,0,0.005842,0.005842,0.005842
44,36732.3,0.70483,0.93259,0.28914,0.51098,0.0089,1.9663,0.97329,0.93669,0.9809,0.9108,0.95879,0.91189,0.94959,0.93521,0.42149,0.51938,0.02873,0.24362,0.00765,0,0.005743,0.005743,0.005743
45,37912.9,0.65197,0.80932,0.28162,0.48536,0.00824,1.17597,0.97522,0.93525,0.98086,0.91076,0.95879,0.91198,0.94962,0.93517,0.42139,0.51934,0.02873,0.24388,0.00765,0,0.005644,0.005644,0.005644
46,38541,0.70388,0.9379,0.28905,0.51079,0.00887,1.99733,0.9745,0.93512,0.98095,0.9112,0.9595,0.9118,0.95135,0.93549,0.42072,0.51446,0.02859,0.24498,0.00763,0,0.005545,0.005545,0.005545
47,39739.5,0.65312,0.81696,0.28162,0.48673,0.00825,1.18673,0.9751,0.93516,0.98092,0.91102,0.95933,0.9123,0.9514,0.93549,0.42078,0.51488,0.02862,0.24497,0.00763,0,0.005446,0.005446,0.005446
48,40366.6,0.69893,0.92071,0.28884,0.50992,0.00883,1.91843,0.9746,0.93594,0.98113,0.91145,0.95982,0.91184,0.95159,0.93581,0.41953,0.51329,0.02858,0.24295,0.00761,0,0.005347,0.005347,0.005347
49,41554.1,0.65141,0.81272,0.2808,0.48581,0.00821,1.1575,0.97483,0.93603,0.98111,0.91153,0.95883,0.91263,0.95159,0.93578,0.41947,0.51328,0.02834,0.2429,0.00761,0,0.005248,0.005248,0.005248
50,42180.9,0.69873,0.9235,0.2891,0.50849,0.00882,1.92798,0.97299,0.93755,0.98079,0.91153,0.95893,0.91387,0.95175,0.93617,0.41854,0.50868,0.02828,0.24471,0.00759,0,0.005149,0.005149,0.005149
51,43367.9,0.64872,0.80702,0.28067,0.48243,0.00819,1.12201,0.97369,0.93727,0.98082,0.91155,0.95934,0.91364,0.95178,0.9362,0.41848,0.50966,0.0283,0.24477,0.00759,0,0.00505,0.00505,0.00505
52,43996.5,0.69305,0.9108,0.28797,0.50455,0.00874,1.79858,0.97219,0.93895,0.98111,0.91204,0.95953,0.91262,0.95223,0.93669,0.41788,0.50633,0.02838,0.24147,0.00758,0,0.004951,0.004951,0.004951
53,45175.3,0.64791,0.8054,0.27961,0.48229,0.00816,1.09603,0.97256,0.93881,0.98121,0.91212,0.9592,0.91359,0.95248,0.9368,0.41785,0.50585,0.02817,0.24099,0.00758,0,0.004852,0.004852,0.004852
54,45802.5,0.69439,0.91224,0.28852,0.50355,0.00878,1.83452,0.97236,0.93997,0.98121,0.91219,0.96058,0.91442,0.95275,0.9372,0.41671,0.50055,0.02839,0.24106,0.00756,0,0.004753,0.004753,0.004753
55,46980.8,0.64797,0.80567,0.27994,0.48161,0.00817,1.08803,0.97039,0.94169,0.98127,0.9123,0.96043,0.914,0.95273,0.93722,0.41687,0.50031,0.0283,0.24055,0.00756,0,0.004654,0.004654,0.004654
56,47608.3,0.68755,0.8997,0.28643,0.49953,0.00866,1.71439,0.97041,0.94265,0.98146,0.9127,0.96044,0.91451,0.95379,0.93818,0.41575,0.4978,0.02829,0.2388,0.00754,0,0.004555,0.004555,0.004555
57,48777.5,0.64657,0.80228,0.27979,0.48072,0.00815,1.05932,0.96982,0.9429,0.98145,0.91278,0.96036,0.91483,0.9539,0.93822,0.41564,0.49729,0.02834,0.23826,0.00754,0,0.004456,0.004456,0.004456
58,49405.2,0.68787,0.89684,0.28648,0.49962,0.00869,1.71857,0.97089,0.94219,0.98146,0.91304,0.96038,0.91515,0.9538,0.93824,0.41478,0.49701,0.02827,0.2394,0.00752,0,0.004357,0.004357,0.004357
59,50571.2,0.64686,0.80306,0.27864,0.48073,0.00814,1.05969,0.97243,0.94066,0.98148,0.91306,0.96037,0.91506,0.95382,0.93837,0.41509,0.49748,0.02837,0.23844,0.00752,0,0.004258,0.004258,0.004258
60,51198.8,0.6827,0.88833,0.28645,0.49759,0.00861,1.67926,0.97218,0.94028,0.98157,0.91318,0.95907,0.91607,0.95376,0.93815,0.41448,0.49691,0.02845,0.23834,0.00751,0,0.004159,0.004159,0.004159
61,52363.9,0.64611,0.79927,0.27906,0.4792,0.00814,1.03017,0.97196,0.94037,0.98165,0.91324,0.96047,0.91506,0.95399,0.93827,0.4145,0.49736,0.02842,0.23776,0.00751,0,0.00406,0.00406,0.00406
62,52990.3,0.68395,0.88613,0.28548,0.49697,0.00863,1.67375,0.97003,0.94216,0.98155,0.9134,0.96051,0.91491,0.95366,0.93878,0.41356,0.49577,0.02833,0.2387,0.00749,0,0.003961,0.003961,0.003961
63,54150.5,0.6451,0.79752,0.27917,0.47872,0.00814,1.02233,0.97288,0.93855,0.98167,0.91344,0.96083,0.91437,0.95356,0.93874,0.41368,0.49554,0.02834,0.2383,0.0075,0,0.003862,0.003862,0.003862
64,54778,0.67871,0.87118,0.28332,0.49172,0.00855,1.55643,0.97223,0.94018,0.98161,0.91362,0.9597,0.91662,0.95397,0.93898,0.41306,0.49559,0.02834,0.23857,0.00748,0,0.003763,0.003763,0.003763
65,55942.6,0.64277,0.79273,0.27828,0.47608,0.00809,0.98699,0.97289,0.93874,0.98171,0.91359,0.96096,0.91468,0.95421,0.93909,0.41308,0.49561,0.02837,0.23739,0.00748,0,0.003664,0.003664,0.003664
66,56570.7,0.67547,0.86798,0.28311,0.49051,0.00849,1.5328,0.97319,0.93888,0.98146,0.91385,0.96153,0.91584,0.95454,0.93937,0.4121,0.49348,0.02849,0.23863,0.00746,0,0.003565,0.003565,0.003565
67,57775.5,0.64221,0.79189,0.27719,0.47569,0.00809,0.97241,0.97274,0.9398,0.98162,0.9139,0.96136,0.91523,0.95468,0.9394,0.41225,0.49361,0.02863,0.23769,0.00746,0,0.003466,0.003466,0.003466
